,language,title,content,description,provider_url,keywords,provider_display,provider_name,total_count,comment_count,share_count,reaction_count,reddit_upvotes,reddit_comments,date,title_len,content_len,description_len
0,en,Police: Couple charged after spending more than $100K the bank accidentally gave them,"


MONTOURSVILLE, Pa. (WNEP/CNN) - A couple in Pennsylvania is facing theft charges and more than $100,000 in overdraft fees after allegedly using money that was accidentally deposited into their bank account.


Investigators say Robert and Tiffany Williams had $120,000 deposited into their account at BB&T on May 31 through a mistake by a teller.


But instead of contacting the bank about the deposit, the couple allegedly spent the next two-and-a-half weeks using most of the money.


""That is kind of shocking,"" neighbor Nate Weaver said. ""With all the procedures the banks have set up, checking and double-checking and triple-checking, there's no way anybody gets away with that stuff.""


State police say the couple bought an SUV, two four-wheelers, a camper and car trailer. A police report said they used the money on bills, car repairs, cash purchases and even gave $15,000 to friends in need of money.


""I would check in with the bank first before I did anything,"" said Robert Painton, another neighbor. ""I'm not that dumb, but some people do stupid things sometimes.""


Once the bank realized its mistake, it transferred the $120,000 to the correct account.


It contacted Tiffany Williams on June 20 and told her the couple had to pay back the $107,000 in overdraft fees they incurred.


On June 21, the bank called again. Mrs. Williams said she and her husband would work out a payment plan.


Court papers show after those two initial phone calls from the bank, the couple had no contact with bank representatives, despite several attempts by the bank to reach them.


The couple is now facing felony theft charges. They were released on $25,000 bail.

Copyright 2019 WNEP via CNN. All rights reserved. 
","MONTOURSVILLE, Pa. (WNEP/CNN) - A couple in Pennsylvania is facing theft charges and more than $100,000 in overdraft fees after allegedly using money that was accidentally deposited into their bank account. Investigators say Robert and Tiffany Williams had $120,000 deposited into their account at BB&T on May 31 through a mistake by a teller.",https://www.fox8live.com,"[{'score': 0, 'name': 'bank'}, {'score': 0, 'name': 'stolen'}, {'score': 0, 'name': 'theft'}, {'score': 0, 'name': 'money'}, {'score': 0, 'name': 'wrong account'}, {'score': 0, 'name': 'bb&t'}]",fox8live.com,https://www.fox8live.com,998.0,399.0,178.0,421.0,6,24,2019-09-07,13,283,54
1,en,"Police: Couple spends more than $100,000 after bank accidentally deposits money in account","
A couple in Pennsylvania is facing felony theft charges after spending money that didn't belong to them.WNEP reports Robert and Tiffany Williams' bank deposited $120,000 into their account on accident.It was a mistake made back in May by a teller, the news agency reports.The couple did not contact the bank about the mistake but allegedly spent most of the money in two and a half weeks in June.Authorities say the couple bought a car trailer, a camper, two four-wheelers and an SUV. They also used some of the money on bills, cash purchases and gave $15,000 to friends in need.After realizing the mistake, the bank transferred the money to the correct account.The bank told the Williams they had to pay back $107,000 in overdraft fees.The two initially said they would complete a payment plan.According to court papers obtained by WNEP, after initial phone calls, the couple has not spoken to bank representatives despite attempts to reach them.They are facing theft charges and were released on bail.
A couple in Pennsylvania is facing felony theft charges after spending money that didn't belong to them.
WNEP reports Robert and Tiffany Williams' bank deposited $120,000 into their account on accident.
It was a mistake made back in May by a teller, the news agency reports.
The couple did not contact the bank about the mistake but allegedly spent most of the money in two and a half weeks in June.
Authorities say the couple bought a car trailer, a camper, two four-wheelers and an SUV. They also used some of the money on bills, cash purchases and gave $15,000 to friends in need.
After realizing the mistake, the bank transferred the money to the correct account.
The bank told the Williams they had to pay back $107,000 in overdraft fees.
The two initially said they would complete a payment plan.
According to court papers obtained by WNEP, after initial phone calls, the couple has not spoken to bank representatives despite attempts to reach them.
They are facing theft charges and were released on bail.
","A couple in Pennsylvania is facing felony theft charges after spending money that didn't belong to them.WNEP reports Robert and Tiffany Williams' bank deposited $120,000 into their account on accident.It was a mistake made back in May by a teller, the news agency reports.The couple did not contact the bank about the mistake but allegedly spent most of the money in two and a half weeks in June.Authorities say the couple bought a car trailer, a camper, two four-wheelers and an SUV.",https://www.wtae.com,"[{'score': 0, 'name': 'khnd'}, {'score': 0, 'name': 'pennsylvania'}, {'score': 0, 'name': 'accidental deposit'}, {'score': 0, 'name': 'bank'}, {'score': 0, 'name': 'theft charges'}]",wtae.com,WTAE,634.0,214.0,81.0,339.0,9,3,2019-09-07,13,341,82
2,,Pennsylvania couple allegedly went on massive spending spree after $120G mistakenly added to bank account,"
A Pennsylvania couple is accused of theft after going on a shopping spree with $120,000 that was mistakenly deposited into their bank account, according to a report.
Robert Williams and his wife, Tiffany Williams, appeared in court Tuesday after they spent two and a half weeks blowing through most of their accidental windfall on expenses such as cars, bills and a camper,  news station WNEP reported.
Both Robert, 36, and his 35-year-old wife were arraigned on charges for theft and receiving stolen property.
State police said that BB&T Bank deposited the dough into the couple's account on May 31 in a clerical error by a bank teller.
CLICK HERE TO GET THE FOX NEWS APP But by June 19, the pair had spent six figures on purchases that included an SUV, two four-wheelers and a car trailer.
They also allegedly used the money for bills, car repairs, cash purchases, as well as gave $15,000 for friends, WNEP reported.
Click for more from the New York Post. ","A Pennsylvania couple is accused of theft after going on a shopping spree with $120,000 that was mistakenly deposited into their bank account, according to a report. Robert Williams and his wife, Tiffany Williams, appeared in court Tuesday after they spent two and a half weeks blowing through most of their accidental windfall on expenses such as cars, bills and a camper, news station WNEP reported.",https://www.foxnews.com,[],foxnews.com,Fox News,5989.0,2618.0,655.0,2716.0,21,9,2019-09-08,15,166,66
3,,Video sparks fears Hong Kong protesters being... | Taiwan News,"
 TAIPEI (Taiwan News) - A video that surfaced on Monday (Nov. 18) appearing to show Hong Kong protesters being loaded onto a train near the border with China has sparked fears online that they are being sent to a detention center in the communist country.
As clashes continued on a university campus between riot police and pro-democracy protesters, a video was posted on Twitter spurring concerns that arrested demonstrators were being illegally extradited to China. At 2:33 p.m. on Monday, Twitter user @Woppa1Woppa posted a video showing handcuffed protesters being forced onto a train and wrote that it was unknown where they were being sent.
Below the Tweet, several netizens identified the train as belonging to the East Rail Line of the Mass Transit Railway (MTR) system. Although the detainees' destination is unknown, netizens pointed out that the last two stations are Lo Wu and Lok Ma Chau, which are both border checkpoints into China.
Twitter users suggested that the students were from Hong Kong Polytechnic University, which was the scene of fierce clashes between riot police and pro-democracy protesters on Monday. One Twitter user, who goes by the handle @lilisuricate, ominously said that there are no Hong Kong police stations near any of the stops along the train's route to the China border.
The youth activist group Demosisto wrote on Twitter that people in North District ""threw objects on the railway track"" to prevent the protesters from being transported to China. Hong Kong police have yet to issue an official statement on the destination of the arrested demonstrators.

Arrested protesters are getting transported out on a train. Unknown at this time where they will be sent. Residents and press are heard asking for their names via on9è°·#StandWithHongKong #HongKongProtests pic.twitter.com/N2I4MMXu8R - woppa

At 12:34 p.m. on Monday, the Facebook group ""Clear Voices from the Island"" (æ¸¯å³¶ä½ æ˜) uploaded a post which included several photos of apparent protesters allegedly being loaded onto the train. The author of the post then writes that there is a high-resolution photo of a train originating from Hung Hom Station taken at 12:01 p.m. and showing people in handcuffs being led onboard.
The post first gives the time 12:23 p.m. and says ""Mong Kok East Station."" It then states at 12:28 that two vans in the ""upper left [of photo]"" have the license plate numbers VF7046 and AM2837.
The author then requests anyone who recognizes the detainees in the photo to contact the page's administrator.
Facebook post by Clear Voices from the Island showing photos of the incident:
Video showing what appears to be detained protesters being forced onto a train:
Twitter post pleading with readers to share the video on social media:

HONG KONG POLICE ARRESTED PROTESTERS and CITIZENS. They were TAKEN on the train and NO ONE KNOWS where will they go! PLEASE SAVE THIS VIDEO AND REPOST TO OTHERS SOCIAL MEDIA! OUR KIDS CANT BE DISAPPEARED!#SOSPolyU #SOSHK #HongKongProtesters pic.twitter.com/Prw9jQwDRF - (@jwwaholic)
November 18, 2019

","Video of Hong Kong protesters being loaded onto train spurs concerns they are being sent to China.A video surfacing on Nov. 18 appears to show Hong Kong protesters being loaded onto a train near the border with China, sparking fears online that they are being sent to a detention center in the communist country.",https://www.taiwannews.com.tw,[],taiwannews.com.tw,Taiwan News,1637.0,261.0,884.0,492.0,934,592,2019-11-17,10,490,54
4,en,woppa ğŸ—ğŸ˜· on Twitter,Arrested protesters are getting transported out on a train. Unknown at this time where they will be sent. Residents and press are heard asking for their names via on9è°· #StandWithHongKong #HongKongProtests https://t.co/N2I4MMXu8R,Arrested protesters are getting transported out on a train. Unknown at this time where they will be sent. Residents and press are heard asking for their names via on9è°· #StandWithHongKong #HongKongProtests https://t.co/N2I4MMXu8R,http://twitter.com,[],twitter.com,Twitter,126.0,16.0,35.0,75.0,0,0,2019-11-17,4,32,32
5,en,'Intolerably offensive': Boy's Nazi costume at elementary school Halloween parade sparks outrage,"
A photo taken of a child wearing a Nazi costume Thursday during a Halloween parade at Creekside Elementary School in Utah. (KTVX/Screengrab via) The student wore a dark brown dress shirt tucked into tan pants with a black tie and matching dress shoes. Had that been the extent of the boy's outfit, he probably wouldn't have drawn much attention as he walked alongside his costumed peers during a Halloween parade at an elementary school in Utah.

But the child's ensemble featured two eye-catching details: a fake toothbrush mustache and a red armband decorated with a hand-drawn black swastika.


Pictures of the student wearing the Nazi costume and sporting Adolf Hitler's distinctive facial hair at Creekside Elementary School, about 20 miles north of Salt Lake City, were shared on social media last week, sparking intense backlash from critics who decried the boy's attire as "" intolerably offensive."" Now, the school's principal and a teacher have been placed on paid administrative leave, and the school district has launched an investigation into ""every aspect of the situation,"" according to a statement emailed to The Washington Post late Sunday.


""The Davis School District apologizes for what took place Thursday at Creekside Elementary,"" the statement said. ""It does not tolerate speech, images or conduct that portray or promote hate in any form."" 


Officials with the district, who did not name the principal or the teacher, noted the matter is being taken ""very seriously."" 


A photo showing the boy's costume was first posted to Facebook by a mother of another child who attends the elementary school, according to Deseret News. In a caption, the mother wrote that the boy had also raised the Nazi salute ""in the face of the few minority children who attend the school,"" Deseret News reported. Creekside Elementary School in Kaysville, Utah, serves more than 750 students from preschool to sixth grade.


""This is something that offended a number of people, frightened people, traumatized people to see it,"" Jay Jacobson, who sits on the United Jewish Federation of Utah's board of trustees, told KTVX.


One mother told KSTU that parents at the Halloween parade were confused and surprised the boy had been permitted to dress as a Nazi. The mother added the boy had targeted her son and other children of color on the playground at recess by ""throwing the 'Hail Hitler' sign up."" 


""The fact that it was at a school, he had to have been seen by his teacher, by multiple people,"" said the mother, who was not identified.


She later called the school to complain and was informed the boy had been taken out of the parade and told to change and his parents had been contacted, KSTU reported. But the mother said the school's explanation for the incident didn't sit well with her.


""I was told they thought he was Charlie Chaplin,"" she told the news station, ""and I'm like, he has a whole swastika on his arm."" 


In a statement shared to Facebook on Saturday, the United Jewish Federation of Utah wrote it was ""appalled"" by the boy's attire, stressing that school districts and administrators ""have an obligation to provide guidance to students and parents about what would be an unacceptable costume for such a school parade."" 


""Almost all Jews and Americans regard Hitler and Nazi symbols as signifiers of the worst hatred, racism, and crimes against humanity that the world has known,"" the statement said. ""Dressing a child as Hitler is intolerably offensive and should never be suggested, permitted, or condoned."" 

A father who 'loves history' donned a Nazi uniform for Halloween - and dressed his 5-year-old as Hitler 

Other social media users were equally outraged. One person called out any adults who saw the boy in costume and let him continue to wear it, writing, ""shame on you!"" Another took issue with the school district's decision to suspend the principal and teacher with pay, tweeting, ""It should be 'Fired on the spot and banned from working in schools again.'""



This was yesterday at a Halloween parade at Creekside Elementary School in Utah. Apparently this kid was motioning and...Posted by 
Chelsey Combe on Friday, November 1, 2019



Incidents of anti-Semitism in the United States went up 57 percent between 2016 and 2017, according to a recent report from the Anti-Defamation League. The dramatic rise - the second-highest number reported since the ADL started tracking such data in 1979 - is largely attributed to a ""significant increase"" in cases in schools or on college campuses, the report said.

Nazi salutes and a swastika made of red cups: Newport Beach students condemned for 'abhorrent anti-Semitic activity' 

The Utah boy's costume isn't the first time Nazi imagery has recently shown up at an elementary school in the United States. In May, a Tennessee school announced that it would stop having a student portray Hitler and perform the Nazi salute as part of a fifth-grade class project on World War II, HuffPost reported. The change came after a student complained about the gesture, which some of her peers started doing outside of class, according to BuzzFeed News. More recently, police in Battle Creek, Mich., launched an investigation after a Nazi flag was spotted in September outside Riverside Elementary School, CNN reported.


The Creekside Elementary School mother who spoke to KSTU said she found the boy's clothing and alleged targeting of minority students, including her son, ""completely inappropriate."" 


""Hitler is hurtful,"" the mother said. ""It's hurtful to people. It's a horrible part of the world's past, so it shouldn't be glorified at all."" 

Share on Facebook Share on Twitter Share on Pinterest Share on LinkedIn 
","The student wore a dark brown dress shirt tucked into tan pants with a black tie and matching dress shoes. Had that been the extent of the boy's outfit, he probably wouldn't have drawn much attention as he walked alongside his costumed peers during a Halloween parade at an elementary school in Utah.",https://www.washingtonpost.com,[],washingtonpost.com,Washington Post,5520.0,1522.0,666.0,3328.0,0,0,2019-11-01,12,934,53
6,,Utah elementary student wears Nazi costume in Halloween parade. The principal and teacher are now suspended.,"
 The principal and a teacher at a Kaysville elementary school were suspended with pay after allowing a student to dress in a Nazi costume in a Halloween parade.
 The image of the child - dressed in tan pants and a brown shirt with a red arm band adorned with a black swastika - began circulating on social media after the Thursday parade at Creekside Elementary. Many commenters expressed outrage at whoever allowed the child to wear the costume, while others supported the boy.
 In a statement, the Davis County School District apologized for the costume.
 ""[The district] does not tolerate speech, images or conduct that portray or promote hate in any form,"" the statement read. ""The district is taking the matter very seriously and is investigating every aspect of the situation.""
 School district spokesman Chris Williams declined to name the faculty members who were placed on paid leave, but the elementary school's website lists Steve B. Hammer as the principal.
 The school hosts kindergarten through sixth grade students.
 Schools in the district have faced criticism this year for alleged racism and religious insensitivity. 
 A teacher at Valley View Elementary School in Bountiful was disciplined in March when she asked a fourth grade student, who is Catholic, to remove an ash cross from his forehead on Ash Wednesday.
",The principal and a teacher at a Kaysville elementary school were suspended with pay after allowing a student to dress in a Nazi costume in a Halloween parade. The image of the child - dressed in tan pants and a brown shirt with a red arm band adorned with a black swastika - began circulating on social media after the Thursday parade at Creekside Elementary.,https://www.sltrib.com,[],sltrib.com,The Salt Lake Tribune,21632.0,5179.0,2450.0,14003.0,153,32,2019-11-01,16,217,65
7,en,"Principal, teacher suspended after student dresses as Hitler in parade",A Utah elementary school principal and teacher have been suspended after a student wore a Nazi costume while participating in the school's Halloween parade last week.,A Utah elementary school principal and teacher have been suspended after a student wore a Nazi costume while participating in the school's Halloween parade last week.,https://www.yahoo.com,[],yahoo.com,Yahoo,0.0,0.0,0.0,0.0,0,0,2019-11-05,10,26,26
8,en,Bellevue Police arrest 12 men in prostitution sting,"
BELLEVUE, Wash. - Bellevue Police Department detectives arrested 12 men as part of an undercover prostitution sting. This was a two-day sting and the men were arrested at a hotel in the city.
Police said that overall, 66 men responded to a Bellevue vice detective's fake ad on a known prostitution website.
A thirteenth man would have been arrested if that person didn't get lost finding the hotel, Bellevue police said.
Of the 12 that were arrested, one man was from Bellevue, many were from neighboring cities and one man from Georgia responded to the ad.
According to Bellevue Police, prostitution is appealing because the city is affluent, there are many hotels, and it's close proximity to the freeway. Bellevue Police's message is to make it not appealing at all.
""Our goal is to make prostitution not appealing in the city of Bellevue,"" said Bellevue Police Capt. Dave Sanabria. ""We want people who are looking to establish or are trying to make these dates, to stop and think for a moment that the other person at the end of the line, the end of the ad, or the end of that cell phone, that text, could be a detective waiting for them to take them into custody.""
Soliciting a prostitute is a misdemeanor in Bellevue.
Along with pursuing charges, the city prosecutor now recommends that those accused attend a ten-week program called ""Stopping Sexual Exploitation."" The program is a collaboration among the police department, the city's prosecutor's office and an organization called 'Seattle Against Slavery.'
According to Sanabria, the program has been successful elsewhere.
""I think it's an opportunity for these men to really take a hard look at what they're doing and what their role is. Prostitution isn't a victimless crime. A lot of times, these women, they're not in this particular field on their own volition. They're also victims of other crimes. Rape, robbery, aggravated assault,"" said Sanabria.
There have been other instances of prostitution and sex trafficking in Bellevue. In July, police arrested a 36-year-old woman for making an upscale brothel that was in the city's downtown.
Bellevue's Vice Unit has also been proactive in getting victims help. They recently posted on a known prostitution chat forum, specifically reaching out to sex trafficking victims, reminding them that help is out there.
","BELLEVUE, Wash. - Bellevue Police Department detectives arrested 12 men as part of an undercover prostitution sting. This was a two-day sting and the men were arrested at a hotel in the city. Police said that overall, 66 men responded to a Bellevue vice detective's fake ad on a known prostitution website.",https://q13fox.com,"[{'score': 0, 'name': 'crime'}, {'score': 0, 'name': 'news'}, {'score': 0, 'name': ''}]",q13fox.com,Q13 FOX News,309.0,38.0,57.0,214.0,10,4,2019-11-13,8,384,52
9,en,Seattle police captain arrested in undercover vice operation,"
A 31-year veteran Seattle Police Department captain was arrested by his fellow officers during a vice sting late Wednesday, in an investigation of sexual exploitation. 
According to several sources, 53-year-old veteran Seattle police captain Randal Woolery offered $40 to an undercover officer who was posing as a prostitute, and he was arrested on the spot. 
Woolery was one of five men arrested in the Aurora sting, and according to jail records, he was booked and released in less than 30 minutes. 
Woolery was also elected as a Fire Commissioner in Snohomish County Fire District 7, which manages eight fire departments. A spokesperson with the District directed questions to Seattle police. 
More news from KIRO 7 DOWNLOAD OUR FREE NEWS APP    

","A 31-year veteran Seattle Police Department captain was arrested by his fellow officers during a vice sting late Wednesday, in an investigation of sexual exploitation. According to several sources, 53-year-old veteran Seattle police captain Randal Woolery offered $40 to an undercover officer who was posing as a prostitute, and he was arrested on the spot.",https://www.kiro7.com,"[{'score': 0, 'name': 'local'}, {'score': 0, 'name': 'kiro news app'}, {'score': 0, 'name': 'news'}, {'score': 0, 'name': 'rss snd'}]",kiro7.com,KIRO,5451.0,1281.0,828.0,3342.0,167,42,2019-11-14,8,120,55
10,,Seattle police captain arrested in undercover prostitution sting,"
A 31-year veteran Seattle Police Department captain was arrested by his fellow officers during a vice sting late Wednesday, in an investigation of sexual exploitation.
Bellevue police arrest 12 in prostitution sting According to several sources, 53-year-old veteran Seattle police captain Randal Woolery offered $40 to an undercover officer who was posing as a prostitute, and he was arrested on the spot.
Woolery was one of five men arrested in the Aurora sting, and according to jail records, he was booked and released in less than 30 minutes.
He works in SPD's Professional Standards Bureau, where he reviews officers' use of force.
Woolery was also elected as a Fire Commissioner in Snohomish County Fire District 7, which manages eight fire departments. A spokesperson with the district directed questions to Seattle police.
Police bust prostitution operations across Kitsap with military connections ""Seattle police arrested a 53-year-old SPD employee last night in an undercover Vice operation in North Seattle,"" said a statement issued by Sgt. Sean Whitcomb.
""The employee was booked into King County Jail with a request for misdemeanor charges, and the information was forwarded to the Office of Police Accountability. The employee, a 31-year veteran assigned to the Professional Standards Bureau, has been placed on administrative leave,"" the statement said.
Sources within the department told KIRO 7 Woolery was highly regarded as a role-model of professionalism and was honored recently with an award for being an inspirational leader.
Written by Gary Horcher ","A 31-year veteran Seattle Police Department captain was arrested by his fellow officers during a vice sting late Wednesday, in an investigation of sexual exploitation. Bellevue police arrest 12 in prostitution sting According to several sources, 53-year-old veteran Seattle police captain Randal Woolery offered $40 to an undercover officer who was posing as a prostitute, and he was arrested on the spot.",https://mynorthwest.com,"[{'score': 0, 'name': 'mynorthwest.com - seattle news'}, {'score': 0, 'name': 'sports'}, {'score': 0, 'name': 'weather'}, {'score': 0, 'name': 'traffic'}, {'score': 0, 'name': 'talk and community.'}, {'score': 0, 'name': 'home'}, {'score': 0, 'name': 'mynorthwest.com'}]",mynorthwest.com,MyNorthwest.com,110.0,15.0,74.0,21.0,1190,871,2019-11-15,8,242,62
11,,Seattle police captain arrested in prostitution bust,"
Seattle police captain, 53, is arrested in sting operation carried out by his own department 'after offering $40 to an undercover cop posing as a prostitute'

Captain Randal Woolery, with Seattle PD's Professional Standards Bureau, faces a sexual exploitation charge
The 31-year police veteran was among five men caught in prostitution sting 
Woolery was released from jail less than 30 minutes after booking 
He has recently received an award recognizing him as an inspirational leader 

A Seattle Police Department captain has been arrested on suspicion of sexual exploitation after getting caught in a prostitution sting operation. 
Randal Woolery was booked shortly after midnight Thursday and was released less than 30 minutes later, according to King County Jail records.
Sgt. Sean Whitcomb said in a statement that a 53-year-old police department employee, later identified as Woolery, was arrested in an undercover Vice operation in North Seattle.
Woolery, who is assigned to the Seattle Police Department's Internal Affairs, was among five men who were arrested during the undercover operation carried out by his own department's Vice squad.
KIRO7 reported, citing multiple unnamed sources, that the police captain offered $40 to an undercover officer posing as a prostitute and was immediately taken into custody.
Woolery has been on the force for 31 years, most recently with the SPD's Professional Standards Bureau, where he is tasked with reviewing officers' use of force, reported The Seattle Times.
He also serves on the Snohomish County Fire District 7 Board of Commissioners.
According to KIRO7's report, the veteran cop is highly respected by his peers and has recently received an award recognizing him as an inspirational leader.
Seattle Municipal Court records show no complaint was immediately filed by the Seattle City Attorney's Office he has not been charged.
City Attorney Pete Holmes's spokesman Dan Nolte says the case is with the office's review and filing unit.
Woolery has been placed on administrative leave.   
","Captain Randal Woolery, with Seattle PD's Professional Standards Bureau, faces a sexual exploitation charge The 31-year police veteran was among five men caught in prostitution sting Woolery was released from jail less than 30 minutes after booking He has recently received an award recognizing him as an inspirational leader A Seattle Police Department captain has been arrested on suspicion of sexual exploitation after getting caught in a prostitution sting operation.",https://www.dailymail.co.uk,"[{'score': 0, 'name': 'dailymail'}, {'score': 0, 'name': 'news'}]",dailymail.co.uk,Mail Online,144.0,12.0,80.0,52.0,20,5,2019-11-15,7,316,70
12,en,Seattle police captain arrested in his own departments' prostitution sting - Law Officer,"
SEATTLE - Imagine hearing, ""Hey Captain, that's no prostitute, it's your arresting officer."" A command officer of the Seattle Police Department heard something similar to those words.
A Seattle police captain found out the hard way that one of his fellow officers was working an undercover vice operation, a report said.
The captain, Randal Woolery, 53, propositioned a woman he thought was a prostitute - but she was actually an undercover investigator,  local television station KIRO 7 reported.
He was arrested after he offered her $40 in exchange for an undisclosed sex act.
Woolery was one of five men arrested in the Aurora sting, and according to jail records, he was booked and released in less than 30 minutes, KIRO reported.
The captain works in the department's professional standards bureau, where he reviews officers' use of force.
""Seattle police arrested a 53-year-old SPD employee last night in an undercover Vice operation in North Seattle,"" the police department told the station in a statement.
""The employee was booked into King County Jail with a request for misdemeanor charges, and the information was forwarded to the Office of Police Accountability,"" they added.
Woolery was also elected as a Fire Commissioner in Snohomish County Fire District 7, which manages eight fire departments. A spokesperson with the District directed questions to Seattle police.
Woolery was suspended after the arrest.
Tulsa (OK) Police officer Darrell Ross gets emotional after giving an inspirational talk to a veteran with a drug addiction. The officer is reminded of his brother who also struggled with drug addiction after serving in the military.
EL PASO, Texas - Mexican citizens whose relatives were victims in the Aug. 3 mass shooting at a Walmart in El Paso, Texas, have filed a lawsuit against the store chain. Mexico's Foreign Relations Department said Wednesday it is assisting the 10 Mexican plaintiffs in...
","SEATTLE - Imagine hearing, ""Hey Captain, that's no prostitute, it's your arresting officer."" A command officer of the Seattle Police Department heard something similar to those words. A Seattle police captain found out the hard way that one of his fellow officers was working an undercover vice operation, a report said.",https://lawofficer.com,[],lawofficer.com,Law Officer,14245.0,2269.0,1716.0,10245.0,0,0,2019-11-16,13,308,51
13,,æµ·å£ä¹¦è®°é­æŠ„ç°é‡‘13.5å¨ å¸é¢2680äº¿ é»„é‡‘æ»¡å±‹,"
ä¸­å…±æµ·å—çœæµ·å£å¸‚åŸå¸‚å§”ä¹¦è®°å¼ ç¦9æœˆ6æ—¥è½é©¬åï¼Œå…¶å·¨è…æ¡ˆæƒ…åœ¨ç½‘ç»œæ›å…‰ï¼Œä»¤äººå’‹èˆŒã€‚åœ¨æµ·å¤–æ¨ç‰¹25æ—¥æ›å…‰çš„ä¿¡æ¯ç§°ï¼Œå¼ ç¦ä½å®…å†…èµ·è·é‡‘æ¡é‡‘ç –æ•°é‡æƒŠäººï¼Œç°é‡‘13.5å¨ï¼Œå¸é¢æ¥è·¯ä¸æ˜èµ„é‡‘2680äº¿ï¼Œå¤šè±ªå®…...åˆä¸€æ¬¡åˆ·æ–°äº†è®°å½•ï¼
 
æœ‰å…³çˆ†æ–™ç›®å‰éš¾ä»¥è¯å®
9æœˆ6æ—¥ï¼Œå®˜æ–¹å®£å¸ƒä¸­å…±æµ·å—çœå§”å¸¸å§”ã€æµ·å£å¸‚å§”ä¹¦è®°å¼ ç¦""æ¶‰å«Œä¸¥é‡è¿çºªè¿æ³•""è¢«æŸ¥ï¼Œå¼ ç¦æˆä¸ºä¸­å…±åä¹å¤§åè½é©¬çš„æµ·å—""é¦–è™""ã€‚
å¼ ç¦è¢«æŸ¥å‰æ¯«æ— é¢„å…†ï¼Œæˆä¸ºè¢«""ç§’æ€""çš„é«˜å®˜ã€‚9æœˆ6æ—¥ã€Šæµ·å£æ—¥æŠ¥ã€‹å¤´ç‰ˆå¤´æ¡æ–°é—»ä¸­æåˆ°ï¼Œ9æœˆ5æ—¥ï¼Œå¼ ç¦è¿˜å‡ºå¸­äº†åœ¨æµ·å—çœäººå¤§ä¼šå ‚å¬å¼€çš„æµ·å—çœäººæ‰å¤§ä¼šã€‚
èµ„æ–™æ˜¾ç¤ºï¼Œ1961å¹´3æœˆå‡ºç”Ÿçš„å¼ ç¦æ˜¯å®‰å¾½å¯¿å¿äººï¼Œæ›¾ä»»æµ·å—çœä¸‰äºšå¸‚å§”å‰¯ä¹¦è®°ã€å‰¯å¸‚é•¿ã€çœæ—…æ¸¸å±€å±€é•¿ã€å„‹å·å¸‚å¸‚é•¿ç­‰èŒï¼›2010å¹´2æœˆèµ·ä»»å„‹å·å¸‚å§”ä¹¦è®°å…¼æ´‹æµ¦ç»æµå¼€å‘åŒºå·¥å§”å‰¯ä¹¦è®°ï¼›2014å¹´9æœˆå…¼ä»»æµ·å—çœå§”å¸¸å§”ï¼Œå‡å‰¯çœçº§ï¼›2014å¹´10æœˆä»»æµ·å—çœå§”å¸¸å§”ã€ä¸‰äºšå¸‚å§”ä¹¦è®°ï¼›2016å¹´11æœˆä»»æµ·å—çœå§”å¸¸å§”ã€æµ·å£å¸‚å§”ä¹¦è®°è‡³ä»Šã€‚
æ®ä¸å®Œå…¨ç»Ÿè®¡ï¼Œä¹ è¿‘å¹³ä¸Šå°ä»¥æ¥ï¼Œå·²æœ‰254åå‰¯éƒ¨çº§ï¼ˆåŒ…æ‹¬å‰¯å†›çº§ï¼‰ä»¥ä¸Šå®˜å‘˜è½é©¬ã€‚é™¤67åå‰¯å†›çº§è½é©¬å®˜å‘˜çš„è´ªè…æƒ…å†µæœªé€šæŠ¥å¤–ï¼Œå·²æœ‰31åè´ªå®˜çš„è´ªè…é‡‘é¢è¶…è¿‡äº†1äº¿å…ƒï¼ˆå®˜æ–¹å£å¾„ï¼‰ã€‚
è¿™äº›è´ªå®˜ï¼Œä»æ‘å®˜åˆ°æ­£å›½çº§éƒ½æœ‰ï¼Œå…¶ä¸­å‰¯å…çº§çš„å±±è¥¿å•æ¢å‰å‰¯å¸‚é•¿å¼ ä¸­ç”Ÿï¼Œè´ªè…10.4äº¿ä½™å…ƒï¼Œå¦æœ‰1.3äº¿ä½™å…ƒè´¢äº§ä¸èƒ½è¯´æ˜æ¥æºï¼Œè´ªè…é‡‘é¢è¶…è¿‡11äº¿å…ƒã€‚å¼ ä¸­ç”Ÿåˆ›é€ äº†æˆªè‡³ç›®å‰ä¸ºæ­¢æ‰€å…¬å¸ƒçš„è´ªå®˜è´ªè…é‡‘é¢æœ€é«˜çºªå½•ã€‚ä½†é™†åª’ã€Šæ–°äº¬æŠ¥ã€‹æ´å¼•ä¸€ä½æ¥è¿‘å±±è¥¿çœæ£€å¯Ÿé™¢çš„æ¶ˆæ¯äººå£«åˆ™ç§°ï¼Œå¼ ä¸­ç”Ÿæ¶‰æ¡ˆé‡‘é¢è¶…è¿‡25äº¿å…ƒã€‚
äº‹å®ä¸Šï¼Œä¸­å…±å¯¹äºè´ªå®˜çš„è´ªè…é¢ï¼Œä¼¼ä¹è¶Šæ˜¯é«˜å®˜ï¼Œè¶Šä¼šæ•…æ„ç¼©å°é‡‘é¢ï¼Œæ•…æ­¤å®˜æŠ¥æ•°æ®ä¸å¤–ç•Œä¼ é—»åå·®å·¨å¤§ã€‚
 
ä¸­å…±æµ·å£å¸‚å§”ä¹¦è®°å¼ ç¦9æœˆ6æ—¥è¢«""ç§’æ€""ï¼Œè½é©¬å½“å¤©è¿˜ç™»ä¸Šäº†å½“åœ°å®˜åª’çš„å¤´æ¡æ–°é—»
æ¯”å¦‚ï¼Œå®˜æ–¹ç§°ä¸­å…±å‰æ”¿æ³•å§”ä¹¦è®°å‘¨æ°¸åº·æ¶‰è´ª1.3äº¿å…ƒï¼Œå› æ»¥æƒé€ æˆ14.86äº¿ä½™å…ƒçš„æŸå¤±ï¼›ä½†æ®è·¯é€ç¤¾æŠ¥å¯¼ï¼Œå‘¨æ°¸åº·å®¶æ—è´ªè…è¿‘1,000äº¿å…ƒã€‚
åŒ—äº¬å½“å±€å¹¶æ²¡æœ‰é€šæŠ¥67åå‰¯å†›çº§ä»¥ä¸Šè½é©¬å®˜å‘˜çš„è´ªè…æƒ…å†µï¼ŒåŒ…æ‹¬ä¸¤åå‰å†›å§”å‰¯ä¸»å¸­å¾æ‰åšã€éƒ­ä¼¯é›„ï¼Œä¸­å…±å‰å†›å§”å§”å‘˜å¼ é˜³ã€æˆ¿å³°è¾‰ç­‰é‡é‡çº§å®˜å‘˜ã€‚
æ®æ¸¯åª’ç§°ï¼Œæœ‰ä¸­å…±å†›å®˜æ›¾è¸¢çˆ†éƒ­ä¼¯é›„å—è´¿åå•ï¼Œæ¥å—é«˜å®˜çš„""è¿›è´¡""å·²æœ‰æ•°ç™¾äº¿å…ƒï¼ŒåŠ ä¸Šä¹°å–å®˜ä½åŠåœŸåœ°ç­‰æ”¶å…¥ï¼Œä¼°ç®—ä¸å°‘äºåƒäº¿å…ƒï¼Œæœ‰åª’ä½“å½¢å®¹ï¼Œä¸€ä¸ªéƒ­ä¼¯é›„çš„æ¶‰è´ªé‡‘é¢å°±å¯ä»¥æŒ½æ•‘ä¸¤ä¸ªå¸Œè…Šã€‚
å¦æ®æŠ¥å¯¼ï¼Œå¾æ‰åšåœ°ä¸‹å®¤é‡Œåˆ°å¤„å †æ”¾ç€ç°é‡‘ï¼ŒåŠæ¡ˆäººå‘˜ä¸€æ—¶ç‚¹ä¸è¿‡æ¥ï¼Œåªå¥½æ‹¿ç§¤ç§°äº†ä¸€ä¸‹ï¼Œå†è´´ä¸Šå°æ¡ã€‚è¢«æŸ¥æŠ„çš„ç¾å…ƒã€æ¬§å…ƒã€äººæ°‘å¸ç­‰ç°é‡‘æœ‰1å¨å¤šé‡ï¼Œå¦æœ‰200å…¬æ–¤å’Œç”°ç‰ï¼Œç¿¡ç¿ ã€ä¸Šå¥½ç¿¡ç¿ åŸçŸ³ã€å¤ç©å™¨å­—ç”»ï¼Œç”¨åå‡ è¾†å†›ç”¨å¡è½¦æ‰è¿èµ°ã€‚
è€Œå¾æ‰åšçš„åè¨€æ˜¯ï¼šæˆ‘æœ€å¤§çš„ä¼˜ç‚¹å°±æ˜¯å»‰æ´ï¼
","ä¸­å…±æµ·å—çœæµ·å£å¸‚åŸå¸‚å§”ä¹¦è®°å¼ ç¦9æœˆ6æ—¥è½é©¬åï¼Œå…¶å·¨è…æ¡ˆæƒ…åœ¨ç½‘ç»œæ›å…‰ï¼Œä»¤äººå’‹èˆŒã€‚åœ¨æµ·å¤–æ¨ç‰¹25æ—¥æ›å…‰çš„ä¿¡æ¯ç§°ï¼Œå¼ ç¦ä½å®…å†…èµ·è·é‡‘æ¡é‡‘ç –æ•°é‡æƒŠäººï¼Œç°é‡‘13.5å¨ï¼Œå¸é¢æ¥è·¯ä¸æ˜èµ„é‡‘2680äº¿ï¼Œå¤šè±ªå®…...åˆä¸€æ¬¡åˆ·æ–°äº†è®°å½•ï¼ æœ‰å…³çˆ†æ–™ç›®å‰éš¾ä»¥è¯å® 9æœˆ6æ—¥ï¼Œå®˜æ–¹å®£å¸ƒä¸­å…±æµ·å—çœå§”å¸¸å§”ã€æµ·å£å¸‚å§”ä¹¦è®°å¼ ç¦""æ¶‰å«Œä¸¥é‡è¿çºªè¿æ³•""è¢«æŸ¥ï¼Œå¼ ç¦æˆä¸ºä¸­å…±åä¹å¤§åè½é©¬çš„æµ·å—""é¦–è™""ã€‚ ...",https://www.powerapple.com,"[{'score': 0, 'name': 'æµ·å£'}, {'score': 0, 'name': 'ç°é‡‘'}, {'score': 0, 'name': 'ä¹¦è®°'}, {'score': 0, 'name': 'é»„é‡‘'}, {'score': 0, 'name': 'é¢'}]",powerapple.com,Powerapple,5.0,0.0,5.0,0.0,0,0,2019-09-26,3,14,4
14,en,çŒªè¡€æ——ä¸‹ on Twitter,æŸä¸ªäººæ°‘çš„ä»†äººè½é©¬äº†!å„‹å·å¸‚åŸå¸‚é•¿ï¼Œä¸‰äºšå¸‚åŸå¸‚å§”ä¹¦è®°ï¼Œæµ·å£å¸‚åŸå¸‚å§”ä¹¦è®°å¼ ç¦ï¼ˆå®‰å¾½äººï¼Œä¸­å…±å…šå‘˜ç°å¹´57å²ï¼‰ä¹æœˆå…­æ—¥è½é©¬ã€‚å…¶ä½å®…å†…èµ·è·é»„ç –é‡‘æ¡é‡‘ç –æ•°é‡æƒŠäººï¼Œç°é‡‘13.5å¨ã€‚å¦æŸ¥è·å¸é¢æ¥è·¯ä¸æ˜èµ„é‡‘2680äº¿ï¼Œå¤šå¥—åƒä½™å¹³æ–¹çš„è±ªå®…......ã€‚åˆä¸€æ¬¡åˆ·æ–°äº†è®°å½•ï¼Œä»¤å¾è¾ˆå¹ä¸ºè§‚æ­¢ï¼Œè´«ç©·å†ä¸€æ¬¡é™åˆ¶äº†æˆ‘ä»¬çš„æƒ³è±¡åŠ›ï¼ https://t.co/6hcgKsaFwE,æŸä¸ªäººæ°‘çš„ä»†äººè½é©¬äº†!å„‹å·å¸‚åŸå¸‚é•¿ï¼Œä¸‰äºšå¸‚åŸå¸‚å§”ä¹¦è®°ï¼Œæµ·å£å¸‚åŸå¸‚å§”ä¹¦è®°å¼ ç¦ï¼ˆå®‰å¾½äººï¼Œä¸­å…±å…šå‘˜ç°å¹´57å²ï¼‰ä¹æœˆå…­æ—¥è½é©¬ã€‚å…¶ä½å®…å†…èµ·è·é»„ç –é‡‘æ¡é‡‘ç –æ•°é‡æƒŠäººï¼Œç°é‡‘13.5å¨ã€‚å¦æŸ¥è·å¸é¢æ¥è·¯ä¸æ˜èµ„é‡‘2680äº¿ï¼Œå¤šå¥—åƒä½™å¹³æ–¹çš„è±ªå®…......ã€‚åˆä¸€æ¬¡åˆ·æ–°äº†è®°å½•ï¼Œä»¤å¾è¾ˆå¹ä¸ºè§‚æ­¢ï¼Œè´«ç©·å†ä¸€æ¬¡é™åˆ¶äº†æˆ‘ä»¬çš„æƒ³è±¡åŠ›ï¼ https://t.co/6hcgKsaFwE,http://twitter.com,[],twitter.com,Twitter,961.0,178.0,172.0,611.0,0,0,2019-09-26,3,2,2
15,en,UVA reinstates 21-gun salute on Veterans Day after wide-scale backlash,"
 UPDATE (Nov. 18):
The University of Virginia is reinstating the 21-gun salute for next year's Veterans Day ceremonies.
The Daily Progress reports that the university is reversing its decision to drop the salute. University President Jim Ryan announced the change on Saturday. In a Facebook post, Ryan wrote, ""Sometimes you make mistakes.""
The salute has been part of ROTC ceremonies for at least a decade. It normally occurs at the end of cadets' 24-hour vigil on Veterans Day,
University officials had said the decision to nix the salute was made to avoid disrupting classes. Ryan also cited concerns about national gun violence and firing weapons on campus.
Larry Sabato, director of the university's Center for Politics, tweeted that he was glad Ryan reversed course.
___________
ORIGINAL STORY (Nov. 8):
The University of Virginia is coming under fire over a decision to change a part of its annual Veterans Day ceremony.
The university will still hold a Veterans Day ceremony on Monday, but it will no longer include the 21-gun salute. It's a decision UVA leaders say will not change.
The Provost's office, in conjunction with the colonel of UVA's ROTC program, made the decision. The ceremony marks the conclusion of a 24-hour vigil by ROTC cadets and has included the 21-gun salute for more than a decade.
""One is that it would be disruptive to classes and two, unfortunately with gun violence in the U.S., there was some concern that we would cause a panic if someone heard gunshots on grounds,"" said UVA President Jim Ryan.
Veterans like Jay Levine are upset with the decision. Levine went through the ROTC program at UVA and says the 21-gun salute is the ultimate salute to those who have served and passed away.
""I am very disillusioned, very upset, and very surprised that they would make such a decision,"" Levine said.
Levine says he will write an email to UVA about his concerns. He hopes talking in a more public setting will help entice more veterans to take action.
""Freedom isn't free,"" Levine said. ""There's a cost and that cost is born by the veterans and the families of those veterans.""
UVA spokesperson Brian Coy the university hears and respects the concerns raised by members of the community and will continue to engage in the conversation going forward. Coy says UVA fully supports the solemn observance of Veterans Day.
The 24-hour vigil and Veterans Day ceremony will be held in the McIntire Amphitheatre. It begins at 4 p.m. on Monday, November 11 and will conclude on Tuesday, November 12.
","UPDATE (Nov. 18): The University of Virginia is reinstating the 21-gun salute for next year's Veterans Day ceremonies. The Daily Progress reports that the university is reversing its decision to drop the salute. University President Jim Ryan announced the change on Saturday. In a Facebook post, Ryan wrote, ""Sometimes you make mistakes.""",https://www.whsv.com,"[{'score': 0, 'name': 'uva reinstates 21-gun salute on veterans day after wide-scale backlash'}]",whsv.com,Whsv,7182.0,1693.0,829.0,4660.0,0,0,2019-09-24,10,426,52
16,,"Citing 'gun violence,' UVA cancels 21-gun salute portion of Veterans Day ceremony | The College Fix","
Citing ""gun violence,"" the University of Virginia has canceled the 21-gun salute portion of its Veterans Day ceremony, an annual tradition that dates back at least a decade.
In a statement posted to social media on Saturday, university President James Ryan stated the reason was two-fold: ""to minimize disruptions to classes, given that this event is located at the juncture of four primary academic buildings and is held at a time that classes are in session; and second, recognizing concerns related to firing weapons on the Grounds in light of gun violence that has happened across our nation, especially on school and university campuses.""
According to the local ABC news affiliate WHSV, the annual ceremony ""marks the conclusion of a 24-hour vigil by ROTC cadets and has included the 21-gun salute for more than a decade,"" but the decision to nix the salute was made by the provost's office in conjunction with the colonel of UVA's ROTC program.
Backlash has been so severe Ryan said the university will revisit the issue in 2020.
""[C]ommunity responses have helped us to understand that many see the 21-gun salute as an important element of the Veterans Day ceremony at the University of Virginia. Given that the plans are already in place for this year, we will follow the event organizers' recommendation to proceed without the 21-gun salute in our Veterans Day Ceremony. Following this year's ceremony, however, we will work with our ROTC officers and cadets to take a closer look at options for our Veterans Day events, including those that would enable us to re-introduce the 21-gun salute to the program,"" Ryan stated.
According to media outlets in Virginia, the decision prompted anger. The Daily Progress, the newspaper in Charlottesville, Virginia, published several letters to the editor lambasting the decision.
One letter argued that the decision disrespected the fact that the university's rotunda hosts plaques honoring hundreds of alumni slain in previous wars. Another argued ""veterans deserve better.""
The decision also sent ""an unfortunate message about students: That they are too fragile, too delicate, too distractible to deal with the 'interruption' of the salute. That they are too insular, too wrapped up in their own worlds to comprehend and accept this longstanding practice. That they must be protected from the reality that exists outside academia,"" another letter writer chimed in.
Some Twitter users responding to Ryan's statement were a little more blunt. Among them: ""How 'we' reached the decision? The buck stops with you. Score one for the snowflakes.""
Tweeted another: ""As a @UVA #UVA student veteran, thank you for marginalizing my community. That is a direct, unmitigated slap in the face to those of us who have served, and especially to those of us who have served and lost. I am deeply sorry that you decided to make this incorrect decision.""
However Ryan garnered some support, too, with one replying ""people forget that rampant mass shootings are commonplace now, so it makes sense not to be firing off guns near classrooms,"" and another noting that ""as a long-ago alumna, I want you to know how much you continue to impress. You do our university and your role proud.""
MORE: Trump cancels student loan debt for disabled veteransIMAGE: Shutterstock
Like The College Fix on Facebook / Follow us on Twitter
","Citing ""gun violence,"" the University of Virginia has canceled the 21-gun salute portion of its Veterans Day ceremony, an annual tradition that dates back at least a decade.",https://www.thecollegefix.com,[],thecollegefix.com,The College Fix,,,,,0,0,2019-09-26,16,548,28
17,en,University of Virginia Cancels 21-Gun Salute to Appease Snowflake Students,"
Click here for a free subscription to weekly Todd's newsletter: a must-read for Conservatives!   He said there were two specific reasons.
""First, to minimize disruptions to classes, given that this event is located at the juncture of four primary academic buildings and is held at a time that classes are in session; and second, recognizing concerns related to firing weapons on the Grounds in light of gun violence that has happened across our nation, especially on school and university campuses,"" the president wrote. 
As you might imagine - the outrage among veterans and military supporters has been severe.
""It also, ironically, sends an unfortunate message about students: That they are too fragile, too delicate, too distractible to deal with the 'interruption' of the salute. That they are too insular, too wrapped up in their own worlds to comprehend and accept this longstanding practice. That they must be protected from the reality that exists outside academia,"" they wrote. 
The blowback was apparently so significant - that President Ryan promised to re-introduce the 21-gun salute next year.
The notion that students might suffer some sort of disruption because the ROTC is honoring our veterans is repulsive. 
""The use of gun salutes for military occasions is traced to early warriors who demonstrated their peaceful intentions by placing their weapons in a position that rendered them ineffective,"" the center explained. ""The 21-gun salute became the highest honor a nation rendered.""
The University of Virginia may think they are protecting their overly sensitive students, but in reality they are disrespecting our veterans.
Todd Starnes is a columnist, commentator, author, and radio host.  A former radio host for Fox News, earlier this month he announced the launch of his newest venture, Starnes Media Group, which he described as ""a multi-faceted broadcasting and digital company focused on delivering authentic conservative news and commentary."" ",Click here for a free subscription to weekly Todd's newsletter: a must-read for Conservatives! He said there were two specific reasons.,https://www1.cbn.com,"[{'score': 0, 'name': 'gun violence'}]",www1.cbn.com,CBN News,11301.0,2101.0,1667.0,7533.0,2,0,2019-11-08,10,306,21
